page_number,template_family,section_code,row_index,center,top_boundary,bottom_boundary,salary_from,salary_to,line_token_count,expected_cell_count,assigned_cell_token_count,line_text
2,intro_data_ka1_ka10,KA1_KA10,1,311.0672,307.2272,314.9072,3141,3145,26,25,25,3141 - 3145 1.00 - - - - - - - - - - - 1.00 - - - - - - - - - -
2,intro_data_ka1_ka10,KA1_KA10,2,318.7472,314.9072,322.5872,3146,3150,26,25,25,3146 - 3150 1.15 - - - - - - - - - - - 1.15 - - - - - - - - - -
2,intro_data_ka1_ka10,KA1_KA10,3,326.4272,322.5872,330.2672,3151,3155,26,25,25,3151 - 3155 1.30 - - - - - - - - - - - 1.30 - - - - - - - - - -
2,intro_data_ka1_ka10,KA1_KA10,4,334.1072,330.2672,337.9472,3156,3160,26,25,25,3156 - 3160 1.45 - - - - - - - - - - - 1.45 - - - - - - - - - -
2,intro_data_ka1_ka10,KA1_KA10,5,341.7872,337.9472,345.6272,3161,3165,26,25,25,3161 - 3165 1.60 - - - - - - - - - - - 1.60 - - - - - - - - - -
2,intro_data_ka1_ka10,KA1_KA10,6,349.4672,345.6272,353.3072,3166,3170,26,25,25,3166 - 3170 1.75 - - - - - - - - - - - 1.75 - - - - - - - - - -
2,intro_data_ka1_ka10,KA1_KA10,7,357.1472,353.3072,360.9872,3171,3175,26,25,25,3171 - 3175 1.90 - - - - - - - - - - - 1.90 - - - - - - - - - -
2,intro_data_ka1_ka10,KA1_KA10,8,364.8272,360.9872,368.6672,3176,3180,26,25,25,3176 - 3180 2.05 - - - - - - - - - - - 2.05 - - - - - - - - - -
2,intro_data_ka1_ka10,KA1_KA10,9,372.5072,368.6672,376.3472,3181,3185,26,25,25,3181 - 3185 2.20 - - - - - - - - - - - 2.20 - - - - - - - - - -
2,intro_data_ka1_ka10,KA1_KA10,10,380.1872,376.3472,384.0422,3186,3190,26,25,25,3186 - 3190 2.35 - - - - - - - - - - - 2.35 - - - - - - - - - -
2,intro_data_ka1_ka10,KA1_KA10,11,387.8972,384.0422,391.7372,3191,3195,26,25,25,3191 - 3195 2.50 - - - - - - - - - - - 2.50 - - - - - - - - - -
2,intro_data_ka1_ka10,KA1_KA10,12,395.5772,391.7372,399.4172,3196,3200,26,25,25,3196 - 3200 2.65 - - - - - - - - - - - 2.65 - - - - - - - - - -
2,intro_data_ka1_ka10,KA1_KA10,13,403.2572,399.4172,407.0972,3201,3205,26,25,25,3201 - 3205 2.80 - - - - - - - - - - - 2.80 - - - - - - - - - -
2,intro_data_ka1_ka10,KA1_KA10,14,410.9372,407.0972,414.7772,3206,3210,26,25,25,3206 - 3210 2.95 - - - - - - - - - - - 2.95 - - - - - - - - - -
2,intro_data_ka1_ka10,KA1_KA10,15,418.6172,414.7772,422.4572,3211,3215,26,25,25,3211 - 3215 3.10 - - - - - - - - - - - 3.10 - - - - - - - - - -
2,intro_data_ka1_ka10,KA1_KA10,16,426.2972,422.4572,430.1372,3216,3220,26,25,25,3216 - 3220 3.25 - - - - - - - - - - - 3.25 - - - - - - - - - -
2,intro_data_ka1_ka10,KA1_KA10,17,433.9772,430.1372,437.8172,3221,3225,26,25,25,3221 - 3225 3.40 - - - - - - - - - - - 3.40 - - - - - - - - - -
2,intro_data_ka1_ka10,KA1_KA10,18,441.6572,437.8172,445.4972,3226,3230,26,25,25,3226 - 3230 3.55 - - - - - - - - - - - 3.55 - - - - - - - - - -
2,intro_data_ka1_ka10,KA1_KA10,19,449.3372,445.4972,453.1772,3231,3235,26,25,25,3231 - 3235 3.70 - - - - - - - - - - - 3.70 - - - - - - - - - -
2,intro_data_ka1_ka10,KA1_KA10,20,457.0172,453.1772,460.8572,3236,3240,26,25,25,3236 - 3240 3.85 - - - - - - - - - - - 3.85 - - - - - - - - - -
2,intro_data_ka1_ka10,KA1_KA10,21,464.6972,460.8572,468.5372,3241,3245,26,25,25,3241 - 3245 4.00 - - - - - - - - - - - 4.00 - - - - - - - - - -
2,intro_data_ka1_ka10,KA1_KA10,22,472.3772,468.5372,476.2172,3246,3250,26,25,25,3246 - 3250 4.15 - - - - - - - - - - - 4.15 - - - - - - - - - -
2,intro_data_ka1_ka10,KA1_KA10,23,480.0572,476.2172,483.8972,3251,3255,26,25,25,3251 - 3255 4.30 - - - - - - - - - - - 4.30 - - - - - - - - - -
2,intro_data_ka1_ka10,KA1_KA10,24,487.7372,483.8972,491.5772,3256,3260,26,25,25,3256 - 3260 4.45 - - - - - - - - - - - 4.45 - - - - - - - - - -
2,intro_data_ka1_ka10,KA1_KA10,25,495.4172,491.5772,499.2672,3261,3265,26,25,25,3261 - 3265 4.60 - - - - - - - - - - - 4.60 - - - - - - - - - -
2,intro_data_ka1_ka10,KA1_KA10,26,503.1172,499.2672,506.9572,3266,3270,26,25,25,3266 - 3270 4.75 - - - - - - - - - - - 4.75 - - - - - - - - - -
2,intro_data_ka1_ka10,KA1_KA10,27,510.7972,506.9572,514.6372,3271,3275,26,25,25,3271 - 3275 4.90 - - - - - - - - - - - 4.90 - - - - - - - - - -
2,intro_data_ka1_ka10,KA1_KA10,28,518.4772,514.6372,522.3172,3276,3280,26,25,25,3276 - 3280 5.05 - - - - - - - - - - - 5.05 - - - - - - - - - -
3,normal_ka1_ka10,KA1_KA10,1,161.8872,158.0472,165.7272,3281,3285,26,25,25,3281 - 3285 5.20 - - - - - - - - - - - 5.20 - - - - - - - - - -
3,normal_ka1_ka10,KA1_KA10,2,169.5672,165.7272,173.4072,3286,3290,26,25,25,3286 - 3290 5.35 - - - - - - - - - - - 5.35 - - - - - - - - - -
3,normal_ka1_ka10,KA1_KA10,3,177.2472,173.4072,181.0872,3291,3295,26,25,25,3291 - 3295 5.50 - - - - - - - - - - - 5.50 - - - - - - - - - -
3,normal_ka1_ka10,KA1_KA10,4,184.9272,181.0872,188.7672,3296,3300,26,25,25,3296 - 3300 5.65 - - - - - - - - - - - 5.65 - - - - - - - - - -
3,normal_ka1_ka10,KA1_KA10,5,192.6072,188.7672,196.4472,3301,3305,26,25,25,3301 - 3305 5.80 - - - - - - - - - - - 5.80 - - - - - - - - - -
3,normal_ka1_ka10,KA1_KA10,6,200.2872,196.4472,204.1272,3306,3310,26,25,25,3306 - 3310 5.95 - - - - - - - - - - - 5.95 - - - - - - - - - -
3,normal_ka1_ka10,KA1_KA10,7,207.9672,204.1272,211.8072,3311,3315,26,25,25,3311 - 3315 6.10 - - - - - - - - - - - 6.10 1.10 - - - - - - - - -
3,normal_ka1_ka10,KA1_KA10,8,215.6472,211.8072,219.4872,3316,3320,26,25,25,3316 - 3320 6.25 - - - - - - - - - - - 6.25 1.25 - - - - - - - - -
3,normal_ka1_ka10,KA1_KA10,9,223.3272,219.4872,227.1672,3321,3325,26,25,25,3321 - 3325 6.40 - - - - - - - - - - - 6.40 1.40 - - - - - - - - -
3,normal_ka1_ka10,KA1_KA10,10,231.0072,227.1672,234.8472,3326,3330,26,25,25,3326 - 3330 6.55 - - - - - - - - - - - 6.55 1.55 - - - - - - - - -
3,normal_ka1_ka10,KA1_KA10,11,238.6872,234.8472,242.5272,3331,3335,26,25,25,3331 - 3335 6.70 - - - - - - - - - - - 6.70 1.70 - - - - - - - - -
3,normal_ka1_ka10,KA1_KA10,12,246.3672,242.5272,250.2072,3336,3340,26,25,25,3336 - 3340 6.85 - - - - - - - - - - - 6.85 1.85 - - - - - - - - -
3,normal_ka1_ka10,KA1_KA10,13,254.0472,250.2072,257.8872,3341,3345,26,25,25,3341 - 3345 7.00 - - - - - - - - - - - 7.00 2.00 - - - - - - - - -
3,normal_ka1_ka10,KA1_KA10,14,261.7272,257.8872,265.5672,3346,3350,26,25,25,3346 - 3350 7.15 - - - - - - - - - - - 7.15 2.15 - - - - - - - - -
3,normal_ka1_ka10,KA1_KA10,15,269.4072,265.5672,273.2572,3351,3355,26,25,25,3351 - 3355 7.30 - - - - - - - - - - - 7.30 2.30 - - - - - - - - -
3,normal_ka1_ka10,KA1_KA10,16,277.1072,273.2572,280.9472,3356,3360,26,25,25,3356 - 3360 7.45 - - - - - - - - - - - 7.45 2.45 - - - - - - - - -
3,normal_ka1_ka10,KA1_KA10,17,284.7872,280.9472,288.6272,3361,3365,26,25,25,3361 - 3365 7.60 - - - - - - - - - - - 7.60 2.60 - - - - - - - - -
3,normal_ka1_ka10,KA1_KA10,18,292.4672,288.6272,296.3072,3366,3370,26,25,25,3366 - 3370 7.75 - - - - - - - - - - - 7.75 2.75 - - - - - - - - -
3,normal_ka1_ka10,KA1_KA10,19,300.1472,296.3072,303.9872,3371,3375,26,25,25,3371 - 3375 7.90 - - - - - - - - - - - 7.90 2.90 - - - - - - - - -
3,normal_ka1_ka10,KA1_KA10,20,307.8272,303.9872,311.6672,3376,3380,26,25,25,3376 - 3380 8.05 - - - - - - - - - - - 8.05 3.05 - - - - - - - - -
3,normal_ka1_ka10,KA1_KA10,21,315.5072,311.6672,319.3472,3381,3385,26,25,25,3381 - 3385 8.20 - - - - - - - - - - - 8.20 3.20 - - - - - - - - -
3,normal_ka1_ka10,KA1_KA10,22,323.1872,319.3472,327.0272,3386,3390,26,25,25,3386 - 3390 8.35 - - - - - - - - - - - 8.35 3.35 - - - - - - - - -
3,normal_ka1_ka10,KA1_KA10,23,330.8672,327.0272,334.7072,3391,3395,26,25,25,3391 - 3395 8.50 - - - - - - - - - - - 8.50 3.50 - - - - - - - - -
3,normal_ka1_ka10,KA1_KA10,24,338.5472,334.7072,342.3872,3396,3400,26,25,25,3396 - 3400 8.65 - - - - - - - - - - - 8.65 3.65 - - - - - - - - -
3,normal_ka1_ka10,KA1_KA10,25,346.2272,342.3872,350.0672,3401,3405,26,25,25,3401 - 3405 8.80 - - - - - - - - - - - 8.80 3.80 - - - - - - - - -
3,normal_ka1_ka10,KA1_KA10,26,353.9072,350.0672,357.7472,3406,3410,26,25,25,3406 - 3410 8.95 - - - - - - - - - - - 8.95 3.95 - - - - - - - - -
3,normal_ka1_ka10,KA1_KA10,27,361.5872,357.7472,365.4272,3411,3415,26,25,25,3411 - 3415 9.10 - - - - - - - - - - - 9.10 4.10 - - - - - - - - -
3,normal_ka1_ka10,KA1_KA10,28,369.2672,365.4272,373.1072,3416,3420,26,25,25,3416 - 3420 9.25 - - - - - - - - - - - 9.25 4.25 - - - - - - - - -
3,normal_ka1_ka10,KA1_KA10,29,376.9472,373.1072,380.7872,3421,3425,26,25,25,3421 - 3425 9.40 - - - - - - - - - - - 9.40 4.40 - - - - - - - - -
3,normal_ka1_ka10,KA1_KA10,30,384.6272,380.7872,388.4822,3426,3430,26,25,25,3426 - 3430 9.55 - - - - - - - - - - - 9.55 4.55 - - - - - - - - -
3,normal_ka1_ka10,KA1_KA10,31,392.3372,388.4822,396.1772,3431,3435,26,25,25,3431 - 3435 9.70 - - - - - - - - - - - 9.70 4.70 - - - - - - - - -
3,normal_ka1_ka10,KA1_KA10,32,400.0172,396.1772,403.8572,3436,3440,26,25,25,3436 - 3440 9.85 - - - - - - - - - - - 9.85 4.85 - - - - - - - - -
3,normal_ka1_ka10,KA1_KA10,33,407.6972,403.8572,411.5372,3441,3445,26,25,25,3441 - 3445 10.00 - - - - - - - - - - - 10.00 5.00 - - - - - - - - -
3,normal_ka1_ka10,KA1_KA10,34,415.3772,411.5372,419.2172,3446,3450,26,25,25,3446 - 3450 10.15 - - - - - - - - - - - 10.15 5.15 - - - - - - - - -
3,normal_ka1_ka10,KA1_KA10,35,423.0572,419.2172,426.8972,3451,3455,26,25,25,3451 - 3455 10.30 - - - - - - - - - - - 10.30 5.30 - - - - - - - - -
3,normal_ka1_ka10,KA1_KA10,36,430.7372,426.8972,434.5772,3456,3460,26,25,25,3456 - 3460 10.45 - - - - - - - - - - - 10.45 5.45 - - - - - - - - -
3,normal_ka1_ka10,KA1_KA10,37,438.4172,434.5772,442.2572,3461,3465,26,25,25,3461 - 3465 10.60 - - - - - - - - - - - 10.60 5.60 - - - - - - - - -
3,normal_ka1_ka10,KA1_KA10,38,446.0972,442.2572,449.9372,3466,3470,26,25,25,3466 - 3470 10.75 - - - - - - - - - - - 10.75 5.75 - - - - - - - - -
3,normal_ka1_ka10,KA1_KA10,39,453.7772,449.9372,457.6172,3471,3475,26,25,25,3471 - 3475 10.90 - - - - - - - - - - - 10.90 5.90 - - - - - - - - -
3,normal_ka1_ka10,KA1_KA10,40,461.4572,457.6172,465.2972,3476,3480,26,25,25,3476 - 3480 11.05 - - - - - - - - - - - 11.05 6.05 1.05 - - - - - - - -
3,normal_ka1_ka10,KA1_KA10,41,469.1372,465.2972,472.9772,3481,3485,26,25,25,3481 - 3485 11.20 - - - - - - - - - - - 11.20 6.20 1.20 - - - - - - - -
3,normal_ka1_ka10,KA1_KA10,42,476.8172,472.9772,480.6572,3486,3490,26,25,25,3486 - 3490 11.35 - - - - - - - - - - - 11.35 6.35 1.35 - - - - - - - -
3,normal_ka1_ka10,KA1_KA10,43,484.4972,480.6572,488.3372,3491,3495,26,25,25,3491 - 3495 11.50 - - - - - - - - - - - 11.50 6.50 1.50 - - - - - - - -
3,normal_ka1_ka10,KA1_KA10,44,492.1772,488.3372,496.0172,3496,3500,26,25,25,3496 - 3500 11.65 - - - - - - - - - - - 11.65 6.65 1.65 - - - - - - - -
3,normal_ka1_ka10,KA1_KA10,45,499.8572,496.0172,503.7072,3501,3505,26,25,25,3501 - 3505 11.80 - - - - - - - - - - - 11.80 6.80 1.80 - - - - - - - -
3,normal_ka1_ka10,KA1_KA10,46,507.5572,503.7072,511.3972,3506,3510,26,25,25,3506 - 3510 11.95 - - - - - - - - - - - 11.95 6.95 1.95 - - - - - - - -
3,normal_ka1_ka10,KA1_KA10,47,515.2372,511.3972,519.0772,3511,3515,26,25,25,3511 - 3515 12.10 - - - - - - - - - - - 12.10 7.10 2.10 - - - - - - - -
10,normal_ka1_ka10,KA1_KA10,1,161.8872,158.0472,165.7272,4926,4930,26,25,25,4926 - 4930 151.85 124.40 111.05 97.75 84.40 71.05 57.75 - - - - - 151.85 137.75 124.40 111.05 97.75 84.40 71.05 57.75 14.55 9.55 4.55
10,normal_ka1_ka10,KA1_KA10,2,169.5672,165.7272,173.4072,4931,4935,26,25,25,4931 - 4935 152.55 124.80 111.45 98.15 84.80 71.45 58.15 - - - - - 152.55 138.15 124.80 111.45 98.15 84.80 71.45 58.15 14.70 9.70 4.70
10,normal_ka1_ka10,KA1_KA10,3,177.2472,173.4072,181.0872,4936,4940,26,25,25,4936 - 4940 153.25 125.20 111.85 98.55 85.20 71.85 58.55 - - - - - 153.25 138.55 125.20 111.85 98.55 85.20 71.85 58.55 14.85 9.85 4.85
10,normal_ka1_ka10,KA1_KA10,4,184.9272,181.0872,188.7672,4941,4945,26,25,25,4941 - 4945 153.95 125.60 112.25 98.95 85.60 72.25 58.95 - - - - - 153.95 138.95 125.60 112.25 98.95 85.60 72.25 58.95 15.00 10.00 5.00
10,normal_ka1_ka10,KA1_KA10,5,192.6072,188.7672,196.4472,4946,4950,26,25,25,4946 - 4950 154.65 126.00 112.65 99.35 86.00 72.65 59.35 - - - - - 154.65 139.35 126.00 112.65 99.35 86.00 72.65 59.35 15.15 10.15 5.15
10,normal_ka1_ka10,KA1_KA10,6,200.2872,196.4472,204.1272,4951,4955,26,25,25,4951 - 4955 155.35 126.40 113.05 99.75 86.40 73.05 59.75 - - - - - 155.35 139.75 126.40 113.05 99.75 86.40 73.05 59.75 15.30 10.30 5.30
10,normal_ka1_ka10,KA1_KA10,7,207.9672,204.1272,211.8072,4956,4960,26,25,25,4956 - 4960 156.05 126.80 113.45 100.15 86.80 73.45 60.15 - - - - - 156.05 140.15 126.80 113.45 100.15 86.80 73.45 60.15 15.45 10.45 5.45
10,normal_ka1_ka10,KA1_KA10,8,215.6472,211.8072,219.4872,4961,4965,26,25,25,4961 - 4965 156.75 127.20 113.85 100.55 87.20 73.85 60.55 - - - - - 156.75 140.55 127.20 113.85 100.55 87.20 73.85 60.55 15.60 10.60 5.60
10,normal_ka1_ka10,KA1_KA10,9,223.3272,219.4872,227.1672,4966,4970,26,25,25,4966 - 4970 157.45 127.60 114.25 100.95 87.60 74.25 60.95 - - - - - 157.45 140.95 127.60 114.25 100.95 87.60 74.25 60.95 15.75 10.75 5.75
10,normal_ka1_ka10,KA1_KA10,10,231.0072,227.1672,234.8472,4971,4975,26,25,25,4971 - 4975 158.15 128.00 114.65 101.35 88.00 74.65 61.35 - - - - - 158.15 141.35 128.00 114.65 101.35 88.00 74.65 61.35 15.90 10.90 5.90
10,normal_ka1_ka10,KA1_KA10,11,238.6872,234.8472,242.5272,4976,4980,26,25,25,4976 - 4980 158.85 128.40 115.05 101.75 88.40 75.05 61.75 - - - - - 158.85 141.75 128.40 115.05 101.75 88.40 75.05 61.75 16.05 11.05 6.05
10,normal_ka1_ka10,KA1_KA10,12,246.3672,242.5272,250.2072,4981,4985,26,25,25,4981 - 4985 159.55 128.80 115.45 102.15 88.80 75.45 62.15 - - - - - 159.55 142.15 128.80 115.45 102.15 88.80 75.45 62.15 16.20 11.20 6.20
10,normal_ka1_ka10,KA1_KA10,13,254.0472,250.2072,257.8872,4986,4990,26,25,25,4986 - 4990 160.25 129.20 115.85 102.55 89.20 75.85 62.55 - - - - - 160.25 142.55 129.20 115.85 102.55 89.20 75.85 62.55 16.35 11.35 6.35
10,normal_ka1_ka10,KA1_KA10,14,261.7272,257.8872,265.5672,4991,4995,26,25,25,4991 - 4995 160.95 129.60 116.25 102.95 89.60 76.25 62.95 - - - - - 160.95 142.95 129.60 116.25 102.95 89.60 76.25 62.95 16.50 11.50 6.50
10,normal_ka1_ka10,KA1_KA10,15,269.4072,265.5672,273.2572,4996,5000,26,25,25,4996 - 5000 161.65 130.00 116.65 103.35 90.00 76.65 63.35 - - - - - 161.65 143.35 130.00 116.65 103.35 90.00 76.65 63.35 16.65 11.65 6.65
10,normal_ka1_ka10,KA1_KA10,16,277.1072,273.2572,280.9472,5001,5005,26,25,25,5001 - 5005 162.35 130.40 117.05 103.75 90.40 77.05 63.75 50.40 - - - - 162.35 143.75 130.40 117.05 103.75 90.40 77.05 63.75 50.40 11.80 6.80
10,normal_ka1_ka10,KA1_KA10,17,284.7872,280.9472,288.6272,5006,5010,26,25,25,5006 - 5010 163.05 130.80 117.45 104.15 90.80 77.45 64.15 50.80 - - - - 163.05 144.15 130.80 117.45 104.15 90.80 77.45 64.15 50.80 11.95 6.95
10,normal_ka1_ka10,KA1_KA10,18,292.4672,288.6272,296.3072,5011,5015,26,25,25,5011 - 5015 163.75 131.20 117.85 104.55 91.20 77.85 64.55 51.20 - - - - 163.75 144.55 131.20 117.85 104.55 91.20 77.85 64.55 51.20 12.10 7.10
10,normal_ka1_ka10,KA1_KA10,19,300.1472,296.3072,303.9872,5016,5020,26,25,25,5016 - 5020 164.45 131.60 118.25 104.95 91.60 78.25 64.95 51.60 - - - - 164.45 144.95 131.60 118.25 104.95 91.60 78.25 64.95 51.60 12.25 7.25
10,normal_ka1_ka10,KA1_KA10,20,307.8272,303.9872,311.6672,5021,5025,26,25,25,5021 - 5025 165.15 132.00 118.65 105.35 92.00 78.65 65.35 52.00 - - - - 165.15 145.35 132.00 118.65 105.35 92.00 78.65 65.35 52.00 12.40 7.40
10,normal_ka1_ka10,KA1_KA10,21,315.5072,311.6672,319.3472,5026,5030,26,25,25,5026 - 5030 165.85 132.40 119.05 105.75 92.40 79.05 65.75 52.40 - - - - 165.85 145.75 132.40 119.05 105.75 92.40 79.05 65.75 52.40 12.55 7.55
10,normal_ka1_ka10,KA1_KA10,22,323.1872,319.3472,327.0272,5031,5035,26,25,25,5031 - 5035 166.55 132.80 119.45 106.15 92.80 79.45 66.15 52.80 - - - - 166.55 146.15 132.80 119.45 106.15 92.80 79.45 66.15 52.80 12.70 7.70
10,normal_ka1_ka10,KA1_KA10,23,330.8672,327.0272,334.7072,5036,5040,26,25,25,5036 - 5040 167.25 133.20 119.85 106.55 93.20 79.85 66.55 53.20 - - - - 167.25 146.55 133.20 119.85 106.55 93.20 79.85 66.55 53.20 12.85 7.85
10,normal_ka1_ka10,KA1_KA10,24,338.5472,334.7072,342.3872,5041,5045,26,25,25,5041 - 5045 167.95 133.60 120.25 106.95 93.60 80.25 66.95 53.60 - - - - 167.95 146.95 133.60 120.25 106.95 93.60 80.25 66.95 53.60 13.00 8.00
10,normal_ka1_ka10,KA1_KA10,25,346.2272,342.3872,350.0672,5046,5050,26,25,25,5046 - 5050 168.65 134.00 120.65 107.35 94.00 80.65 67.35 54.00 - - - - 168.65 147.35 134.00 120.65 107.35 94.00 80.65 67.35 54.00 13.15 8.15
10,normal_ka1_ka10,KA1_KA10,26,353.9072,350.0672,357.7472,5051,5055,26,25,25,5051 - 5055 169.35 134.40 121.05 107.75 94.40 81.05 67.75 54.40 - - - - 169.35 147.75 134.40 121.05 107.75 94.40 81.05 67.75 54.40 13.30 8.30
10,normal_ka1_ka10,KA1_KA10,27,361.5872,357.7472,365.4272,5056,5060,26,25,25,5056 - 5060 170.05 134.80 121.45 108.15 94.80 81.45 68.15 54.80 - - - - 170.05 148.15 134.80 121.45 108.15 94.80 81.45 68.15 54.80 13.45 8.45
10,normal_ka1_ka10,KA1_KA10,28,369.2672,365.4272,373.1072,5061,5065,26,25,25,5061 - 5065 170.75 135.20 121.85 108.55 95.20 81.85 68.55 55.20 - - - - 170.75 148.55 135.20 121.85 108.55 95.20 81.85 68.55 55.20 13.60 8.60
10,normal_ka1_ka10,KA1_KA10,29,376.9472,373.1072,380.7872,5066,5070,26,25,25,5066 - 5070 171.45 135.60 122.25 108.95 95.60 82.25 68.95 55.60 - - - - 171.45 148.95 135.60 122.25 108.95 95.60 82.25 68.95 55.60 13.75 8.75
10,normal_ka1_ka10,KA1_KA10,30,384.6272,380.7872,388.4822,5071,5075,26,25,25,5071 - 5075 172.15 136.00 122.65 109.35 96.00 82.65 69.35 56.00 - - - - 172.15 149.35 136.00 122.65 109.35 96.00 82.65 69.35 56.00 13.90 8.90
10,normal_ka1_ka10,KA1_KA10,31,392.3372,388.4822,396.1772,5076,5080,26,25,25,5076 - 5080 172.85 136.40 123.05 109.75 96.40 83.05 69.75 56.40 - - - - 172.85 149.75 136.40 123.05 109.75 96.40 83.05 69.75 56.40 14.05 9.05
10,normal_ka1_ka10,KA1_KA10,32,400.0172,396.1772,403.8572,5081,5085,26,25,25,5081 - 5085 173.55 136.80 123.45 110.15 96.80 83.45 70.15 56.80 - - - - 173.55 150.25 136.80 123.45 110.15 96.80 83.45 70.15 56.80 14.20 9.20
10,normal_ka1_ka10,KA1_KA10,33,407.6972,403.8572,411.5372,5086,5090,26,25,25,5086 - 5090 174.25 137.20 123.85 110.55 97.20 83.85 70.55 57.20 - - - - 174.25 150.95 137.20 123.85 110.55 97.20 83.85 70.55 57.20 14.35 9.35
10,normal_ka1_ka10,KA1_KA10,34,415.3772,411.5372,419.2172,5091,5095,26,25,25,5091 - 5095 174.95 137.60 124.25 110.95 97.60 84.25 70.95 57.60 - - - - 174.95 151.65 137.60 124.25 110.95 97.60 84.25 70.95 57.60 14.50 9.50
10,normal_ka1_ka10,KA1_KA10,35,423.0572,419.2172,426.8972,5096,5100,26,25,25,5096 - 5100 175.65 138.00 124.65 111.35 98.00 84.65 71.35 58.00 - - - - 175.65 152.35 138.00 124.65 111.35 98.00 84.65 71.35 58.00 14.65 9.65
10,normal_ka1_ka10,KA1_KA10,36,430.7372,426.8972,434.5772,5101,5105,26,25,25,5101 - 5105 176.35 138.40 125.05 111.75 98.40 85.05 71.75 58.40 - - - - 176.35 153.05 138.40 125.05 111.75 98.40 85.05 71.75 58.40 14.80 9.80
10,normal_ka1_ka10,KA1_KA10,37,438.4172,434.5772,442.2572,5106,5110,26,25,25,5106 - 5110 177.05 138.80 125.45 112.15 98.80 85.45 72.15 58.80 - - - - 177.05 153.75 138.80 125.45 112.15 98.80 85.45 72.15 58.80 14.95 9.95
10,normal_ka1_ka10,KA1_KA10,38,446.0972,442.2572,449.9372,5111,5115,26,25,25,5111 - 5115 177.75 139.20 125.85 112.55 99.20 85.85 72.55 59.20 - - - - 177.75 154.45 139.20 125.85 112.55 99.20 85.85 72.55 59.20 15.10 10.10
10,normal_ka1_ka10,KA1_KA10,39,453.7772,449.9372,457.6172,5116,5120,26,25,25,5116 - 5120 178.45 139.60 126.25 112.95 99.60 86.25 72.95 59.60 - - - - 178.45 155.15 139.60 126.25 112.95 99.60 86.25 72.95 59.60 15.25 10.25
10,normal_ka1_ka10,KA1_KA10,40,461.4572,457.6172,465.2972,5121,5125,26,25,25,5121 - 5125 179.15 140.00 126.65 113.35 100.00 86.65 73.35 60.00 - - - - 179.15 155.85 140.00 126.65 113.35 100.00 86.65 73.35 60.00 15.40 10.40
10,normal_ka1_ka10,KA1_KA10,41,469.1372,465.2972,472.9772,5126,5130,26,25,25,5126 - 5130 179.85 140.40 127.05 113.75 100.40 87.05 73.75 60.40 - - - - 179.85 156.55 140.40 127.05 113.75 100.40 87.05 73.75 60.40 15.55 10.55
10,normal_ka1_ka10,KA1_KA10,42,476.8172,472.9772,480.6572,5131,5135,26,25,25,5131 - 5135 180.55 140.80 127.45 114.15 100.80 87.45 74.15 60.80 - - - - 180.55 157.25 140.80 127.45 114.15 100.80 87.45 74.15 60.80 15.70 10.70
10,normal_ka1_ka10,KA1_KA10,43,484.4972,480.6572,488.3372,5136,5140,26,25,25,5136 - 5140 181.25 141.20 127.85 114.55 101.20 87.85 74.55 61.20 - - - - 181.25 157.95 141.20 127.85 114.55 101.20 87.85 74.55 61.20 15.85 10.85
10,normal_ka1_ka10,KA1_KA10,44,492.1772,488.3372,496.0172,5141,5145,26,25,25,5141 - 5145 181.95 141.60 128.25 114.95 101.60 88.25 74.95 61.60 - - - - 181.95 158.65 141.60 128.25 114.95 101.60 88.25 74.95 61.60 16.00 11.00
10,normal_ka1_ka10,KA1_KA10,45,499.8572,496.0172,503.7072,5146,5150,26,25,25,5146 - 5150 182.65 142.00 128.65 115.35 102.00 88.65 75.35 62.00 - - - - 182.65 159.35 142.00 128.65 115.35 102.00 88.65 75.35 62.00 16.15 11.15
10,normal_ka1_ka10,KA1_KA10,46,507.5572,503.7072,511.3972,5151,5155,26,25,25,5151 - 5155 183.35 142.40 129.05 115.75 102.40 89.05 75.75 62.40 - - - - 183.35 160.05 142.40 129.05 115.75 102.40 89.05 75.75 62.40 16.30 11.30
10,normal_ka1_ka10,KA1_KA10,47,515.2372,511.3972,519.0772,5156,5160,26,25,25,5156 - 5160 184.05 142.80 129.45 116.15 102.80 89.45 76.15 62.80 - - - - 184.05 160.75 142.80 129.45 116.15 102.80 89.45 76.15 62.80 16.45 11.45
355,short_final_ka1_ka10,KA1_KA10,1,161.8872,158.0472,165.7272,86001,86005,26,25,25,86001 - 86005 20342.25 20248.90 20202.25 20155.55 20108.90 20062.25 20015.55 19968.90 19922.25 19875.55 19828.90 19783.80 20342.25 20295.55 20248.90 20202.25 20155.55 20108.90 20062.25 20015.55 19968.90 19922.25 19875.55
355,short_final_ka1_ka10,KA1_KA10,2,169.5672,165.7272,173.4072,86006,86010,26,25,25,86006 - 86010 20343.65 20250.30 20203.65 20156.95 20110.30 20063.65 20016.95 19970.30 19923.65 19876.95 19830.30 19785.10 20343.65 20296.95 20250.30 20203.65 20156.95 20110.30 20063.65 20016.95 19970.30 19923.65 19876.95
355,short_final_ka1_ka10,KA1_KA10,3,177.2472,173.4072,181.0872,86011,86015,26,25,25,86011 - 86015 20345.05 20251.70 20205.05 20158.35 20111.70 20065.05 20018.35 19971.70 19925.05 19878.35 19831.70 19786.40 20345.05 20298.35 20251.70 20205.05 20158.35 20111.70 20065.05 20018.35 19971.70 19925.05 19878.35
355,short_final_ka1_ka10,KA1_KA10,4,184.9272,181.0872,188.7672,86016,86020,26,25,25,86016 - 86020 20346.45 20253.10 20206.45 20159.75 20113.10 20066.45 20019.75 19973.10 19926.45 19879.75 19833.10 19787.70 20346.45 20299.75 20253.10 20206.45 20159.75 20113.10 20066.45 20019.75 19973.10 19926.45 19879.75
355,short_final_ka1_ka10,KA1_KA10,5,192.6072,188.7672,196.4472,86021,86025,26,25,25,86021 - 86025 20347.85 20254.50 20207.85 20161.15 20114.50 20067.85 20021.15 19974.50 19927.85 19881.15 19834.50 19789.00 20347.85 20301.15 20254.50 20207.85 20161.15 20114.50 20067.85 20021.15 19974.50 19927.85 19881.15
355,short_final_ka1_ka10,KA1_KA10,6,200.2872,196.4472,204.1272,86026,86030,26,25,25,86026 - 86030 20349.25 20255.90 20209.25 20162.55 20115.90 20069.25 20022.55 19975.90 19929.25 19882.55 19835.90 19790.30 20349.25 20302.55 20255.90 20209.25 20162.55 20115.90 20069.25 20022.55 19975.90 19929.25 19882.55
355,short_final_ka1_ka10,KA1_KA10,7,207.9672,204.1272,211.8072,86031,86035,26,25,25,86031 - 86035 20350.65 20257.30 20210.65 20163.95 20117.30 20070.65 20023.95 19977.30 19930.65 19883.95 19837.30 19791.60 20350.65 20303.95 20257.30 20210.65 20163.95 20117.30 20070.65 20023.95 19977.30 19930.65 19883.95
355,short_final_ka1_ka10,KA1_KA10,8,215.6472,211.8072,219.4872,86036,86040,26,25,25,86036 - 86040 20352.05 20258.70 20212.05 20165.35 20118.70 20072.05 20025.35 19978.70 19932.05 19885.35 19838.70 19792.90 20352.05 20305.35 20258.70 20212.05 20165.35 20118.70 20072.05 20025.35 19978.70 19932.05 19885.35
355,short_final_ka1_ka10,KA1_KA10,9,223.3272,219.4872,227.1672,86041,86045,26,25,25,86041 - 86045 20353.45 20260.10 20213.45 20166.75 20120.10 20073.45 20026.75 19980.10 19933.45 19886.75 19840.10 19794.20 20353.45 20306.75 20260.10 20213.45 20166.75 20120.10 20073.45 20026.75 19980.10 19933.45 19886.75
355,short_final_ka1_ka10,KA1_KA10,10,231.0072,227.1672,234.8472,86046,86050,26,25,25,86046 - 86050 20354.85 20261.50 20214.85 20168.15 20121.50 20074.85 20028.15 19981.50 19934.85 19888.15 19841.50 19795.50 20354.85 20308.15 20261.50 20214.85 20168.15 20121.50 20074.85 20028.15 19981.50 19934.85 19888.15
355,short_final_ka1_ka10,KA1_KA10,11,238.6872,234.8472,242.5272,86051,86055,26,25,25,86051 - 86055 20356.25 20262.90 20216.25 20169.55 20122.90 20076.25 20029.55 19982.90 19936.25 19889.55 19842.90 19796.80 20356.25 20309.55 20262.90 20216.25 20169.55 20122.90 20076.25 20029.55 19982.90 19936.25 19889.55
355,short_final_ka1_ka10,KA1_KA10,12,246.3672,242.5272,250.2072,86056,86060,26,25,25,86056 - 86060 20357.65 20264.30 20217.65 20170.95 20124.30 20077.65 20030.95 19984.30 19937.65 19890.95 19844.30 19798.10 20357.65 20310.95 20264.30 20217.65 20170.95 20124.30 20077.65 20030.95 19984.30 19937.65 19890.95
355,short_final_ka1_ka10,KA1_KA10,13,254.0472,250.2072,257.8872,86061,86065,26,25,25,86061 - 86065 20359.05 20265.70 20219.05 20172.35 20125.70 20079.05 20032.35 19985.70 19939.05 19892.35 19845.70 19799.40 20359.05 20312.35 20265.70 20219.05 20172.35 20125.70 20079.05 20032.35 19985.70 19939.05 19892.35
355,short_final_ka1_ka10,KA1_KA10,14,261.7272,257.8872,265.5672,86066,86070,26,25,25,86066 - 86070 20360.45 20267.10 20220.45 20173.75 20127.10 20080.45 20033.75 19987.10 19940.45 19893.75 19847.10 19800.70 20360.45 20313.75 20267.10 20220.45 20173.75 20127.10 20080.45 20033.75 19987.10 19940.45 19893.75
355,short_final_ka1_ka10,KA1_KA10,15,269.4072,265.5672,273.2572,86071,86075,26,25,25,86071 - 86075 20361.85 20268.50 20221.85 20175.15 20128.50 20081.85 20035.15 19988.50 19941.85 19895.15 19848.50 19802.00 20361.85 20315.15 20268.50 20221.85 20175.15 20128.50 20081.85 20035.15 19988.50 19941.85 19895.15
355,short_final_ka1_ka10,KA1_KA10,16,277.1072,273.2572,280.9472,86076,86080,26,25,25,86076 - 86080 20363.25 20269.90 20223.25 20176.55 20129.90 20083.25 20036.55 19989.90 19943.25 19896.55 19849.90 19803.30 20363.25 20316.55 20269.90 20223.25 20176.55 20129.90 20083.25 20036.55 19989.90 19943.25 19896.55
355,short_final_ka1_ka10,KA1_KA10,17,284.7872,280.9472,288.6272,86081,86085,26,25,25,86081 - 86085 20364.65 20271.30 20224.65 20177.95 20131.30 20084.65 20037.95 19991.30 19944.65 19897.95 19851.30 19804.65 20364.65 20317.95 20271.30 20224.65 20177.95 20131.30 20084.65 20037.95 19991.30 19944.65 19897.95
357,intro_data_ka11_ka20,KA11_KA20,1,312.4514,308.1914,316.7114,4976,4980,23,22,22,4976 - 4980 - - - - - - - - - - 1.05 - - - - - - - - -
357,intro_data_ka11_ka20,KA11_KA20,2,320.9714,316.7114,325.2314,4981,4985,23,22,22,4981 - 4985 - - - - - - - - - - 1.20 - - - - - - - - -
357,intro_data_ka11_ka20,KA11_KA20,3,329.4914,325.2314,333.7514,4986,4990,23,22,22,4986 - 4990 - - - - - - - - - - 1.35 - - - - - - - - -
357,intro_data_ka11_ka20,KA11_KA20,4,338.0114,333.7514,342.2714,4991,4995,23,22,22,4991 - 4995 - - - - - - - - - - 1.50 - - - - - - - - -
357,intro_data_ka11_ka20,KA11_KA20,5,346.5314,342.2714,350.7914,4996,5000,23,22,22,4996 - 5000 - - - - - - - - - - 1.65 - - - - - - - - -
357,intro_data_ka11_ka20,KA11_KA20,6,355.0514,350.7914,359.3114,5001,5005,23,22,22,5001 - 5005 - - - - - - - - - - 1.80 - - - - - - - - -
357,intro_data_ka11_ka20,KA11_KA20,7,363.5714,359.3114,367.8314,5006,5010,23,22,22,5006 - 5010 - - - - - - - - - - 1.95 - - - - - - - - -
357,intro_data_ka11_ka20,KA11_KA20,8,372.0914,367.8314,376.3514,5011,5015,23,22,22,5011 - 5015 - - - - - - - - - - 2.10 - - - - - - - - -
357,intro_data_ka11_ka20,KA11_KA20,9,380.6114,376.3514,384.8864,5016,5020,23,22,22,5016 - 5020 - - - - - - - - - - 2.25 - - - - - - - - -
357,intro_data_ka11_ka20,KA11_KA20,10,389.1614,384.8864,393.4214,5021,5025,23,22,22,5021 - 5025 - - - - - - - - - - 2.40 - - - - - - - - -
357,intro_data_ka11_ka20,KA11_KA20,11,397.6814,393.4214,401.9414,5026,5030,23,22,22,5026 - 5030 - - - - - - - - - - 2.55 - - - - - - - - -
357,intro_data_ka11_ka20,KA11_KA20,12,406.2014,401.9414,410.4614,5031,5035,23,22,22,5031 - 5035 - - - - - - - - - - 2.70 - - - - - - - - -
357,intro_data_ka11_ka20,KA11_KA20,13,414.7214,410.4614,418.9814,5036,5040,23,22,22,5036 - 5040 - - - - - - - - - - 2.85 - - - - - - - - -
357,intro_data_ka11_ka20,KA11_KA20,14,423.2414,418.9814,427.5014,5041,5045,23,22,22,5041 - 5045 - - - - - - - - - - 3.00 - - - - - - - - -
357,intro_data_ka11_ka20,KA11_KA20,15,431.7614,427.5014,436.0214,5046,5050,23,22,22,5046 - 5050 - - - - - - - - - - 3.15 - - - - - - - - -
357,intro_data_ka11_ka20,KA11_KA20,16,440.2814,436.0214,444.5414,5051,5055,23,22,22,5051 - 5055 - - - - - - - - - - 3.30 - - - - - - - - -
357,intro_data_ka11_ka20,KA11_KA20,17,448.8014,444.5414,453.0614,5056,5060,23,22,22,5056 - 5060 - - - - - - - - - - 3.45 - - - - - - - - -
357,intro_data_ka11_ka20,KA11_KA20,18,457.3214,453.0614,461.5814,5061,5065,23,22,22,5061 - 5065 - - - - - - - - - - 3.60 - - - - - - - - -
357,intro_data_ka11_ka20,KA11_KA20,19,465.8414,461.5814,470.1014,5066,5070,23,22,22,5066 - 5070 - - - - - - - - - - 3.75 - - - - - - - - -
357,intro_data_ka11_ka20,KA11_KA20,20,474.3614,470.1014,478.6214,5071,5075,23,22,22,5071 - 5075 - - - - - - - - - - 3.90 - - - - - - - - -
357,intro_data_ka11_ka20,KA11_KA20,21,482.8814,478.6214,487.1414,5076,5080,23,22,22,5076 - 5080 - - - - - - - - - - 4.05 - - - - - - - - -
357,intro_data_ka11_ka20,KA11_KA20,22,491.4014,487.1414,495.6714,5081,5085,23,22,22,5081 - 5085 - - - - - - - - - - 4.20 - - - - - - - - -
357,intro_data_ka11_ka20,KA11_KA20,23,499.9414,495.6714,504.2014,5086,5090,23,22,22,5086 - 5090 - - - - - - - - - - 4.35 - - - - - - - - -
357,intro_data_ka11_ka20,KA11_KA20,24,508.4614,504.2014,512.7214,5091,5095,23,22,22,5091 - 5095 - - - - - - - - - - 4.50 - - - - - - - - -
358,normal_ka11_ka20,KA11_KA20,1,143.6814,139.4214,147.9414,5096,5100,23,22,22,5096 - 5100 - - - - - - - - - - 4.65 - - - - - - - - -
358,normal_ka11_ka20,KA11_KA20,2,152.2014,147.9414,156.4764,5101,5105,23,22,22,5101 - 5105 - - - - - - - - - - 4.80 - - - - - - - - -
358,normal_ka11_ka20,KA11_KA20,3,160.7514,156.4764,165.0114,5106,5110,23,22,22,5106 - 5110 - - - - - - - - - - 4.95 - - - - - - - - -
358,normal_ka11_ka20,KA11_KA20,4,169.2714,165.0114,173.5314,5111,5115,23,22,22,5111 - 5115 - - - - - - - - - - 5.10 - - - - - - - - -
358,normal_ka11_ka20,KA11_KA20,5,177.7914,173.5314,182.0514,5116,5120,23,22,22,5116 - 5120 - - - - - - - - - - 5.25 - - - - - - - - -
358,normal_ka11_ka20,KA11_KA20,6,186.3114,182.0514,190.5714,5121,5125,23,22,22,5121 - 5125 - - - - - - - - - - 5.40 - - - - - - - - -
358,normal_ka11_ka20,KA11_KA20,7,194.8314,190.5714,199.0914,5126,5130,23,22,22,5126 - 5130 - - - - - - - - - - 5.55 - - - - - - - - -
358,normal_ka11_ka20,KA11_KA20,8,203.3514,199.0914,207.6114,5131,5135,23,22,22,5131 - 5135 - - - - - - - - - - 5.70 - - - - - - - - -
358,normal_ka11_ka20,KA11_KA20,9,211.8714,207.6114,216.1314,5136,5140,23,22,22,5136 - 5140 - - - - - - - - - - 5.85 - - - - - - - - -
358,normal_ka11_ka20,KA11_KA20,10,220.3914,216.1314,224.6514,5141,5145,23,22,22,5141 - 5145 - - - - - - - - - - 6.00 1.00 - - - - - - - -
358,normal_ka11_ka20,KA11_KA20,11,228.9114,224.6514,233.1714,5146,5150,23,22,22,5146 - 5150 - - - - - - - - - - 6.15 1.15 - - - - - - - -
358,normal_ka11_ka20,KA11_KA20,12,237.4314,233.1714,241.6914,5151,5155,23,22,22,5151 - 5155 - - - - - - - - - - 6.30 1.30 - - - - - - - -
358,normal_ka11_ka20,KA11_KA20,13,245.9514,241.6914,250.2114,5156,5160,23,22,22,5156 - 5160 - - - - - - - - - - 6.45 1.45 - - - - - - - -
358,normal_ka11_ka20,KA11_KA20,14,254.4714,250.2114,258.7314,5161,5165,23,22,22,5161 - 5165 - - - - - - - - - - 6.60 1.60 - - - - - - - -
358,normal_ka11_ka20,KA11_KA20,15,262.9914,258.7314,267.2614,5166,5170,23,22,22,5166 - 5170 - - - - - - - - - - 6.75 1.75 - - - - - - - -
358,normal_ka11_ka20,KA11_KA20,16,271.5314,267.2614,275.7914,5171,5175,23,22,22,5171 - 5175 - - - - - - - - - - 6.90 1.90 - - - - - - - -
358,normal_ka11_ka20,KA11_KA20,17,280.0514,275.7914,284.3114,5176,5180,23,22,22,5176 - 5180 - - - - - - - - - - 7.05 2.05 - - - - - - - -
358,normal_ka11_ka20,KA11_KA20,18,288.5714,284.3114,292.8314,5181,5185,23,22,22,5181 - 5185 - - - - - - - - - - 7.20 2.20 - - - - - - - -
358,normal_ka11_ka20,KA11_KA20,19,297.0914,292.8314,301.3514,5186,5190,23,22,22,5186 - 5190 - - - - - - - - - - 7.35 2.35 - - - - - - - -
358,normal_ka11_ka20,KA11_KA20,20,305.6114,301.3514,309.8714,5191,5195,23,22,22,5191 - 5195 - - - - - - - - - - 7.50 2.50 - - - - - - - -
358,normal_ka11_ka20,KA11_KA20,21,314.1314,309.8714,318.3914,5196,5200,23,22,22,5196 - 5200 - - - - - - - - - - 7.65 2.65 - - - - - - - -
358,normal_ka11_ka20,KA11_KA20,22,322.6514,318.3914,326.9114,5201,5205,23,22,22,5201 - 5205 - - - - - - - - - - 7.80 2.80 - - - - - - - -
358,normal_ka11_ka20,KA11_KA20,23,331.1714,326.9114,335.4314,5206,5210,23,22,22,5206 - 5210 - - - - - - - - - - 7.95 2.95 - - - - - - - -
358,normal_ka11_ka20,KA11_KA20,24,339.6914,335.4314,343.9514,5211,5215,23,22,22,5211 - 5215 - - - - - - - - - - 8.10 3.10 - - - - - - - -
358,normal_ka11_ka20,KA11_KA20,25,348.2114,343.9514,352.4714,5216,5220,23,22,22,5216 - 5220 - - - - - - - - - - 8.25 3.25 - - - - - - - -
358,normal_ka11_ka20,KA11_KA20,26,356.7314,352.4714,360.9914,5221,5225,23,22,22,5221 - 5225 - - - - - - - - - - 8.40 3.40 - - - - - - - -
358,normal_ka11_ka20,KA11_KA20,27,365.2514,360.9914,369.5114,5226,5230,23,22,22,5226 - 5230 - - - - - - - - - - 8.55 3.55 - - - - - - - -
358,normal_ka11_ka20,KA11_KA20,28,373.7714,369.5114,378.0314,5231,5235,23,22,22,5231 - 5235 - - - - - - - - - - 8.70 3.70 - - - - - - - -
358,normal_ka11_ka20,KA11_KA20,29,382.2914,378.0314,386.5664,5236,5240,23,22,22,5236 - 5240 - - - - - - - - - - 8.85 3.85 - - - - - - - -
358,normal_ka11_ka20,KA11_KA20,30,390.8414,386.5664,395.1014,5241,5245,23,22,22,5241 - 5245 - - - - - - - - - - 9.00 4.00 - - - - - - - -
358,normal_ka11_ka20,KA11_KA20,31,399.3614,395.1014,403.6214,5246,5250,23,22,22,5246 - 5250 - - - - - - - - - - 9.15 4.15 - - - - - - - -
358,normal_ka11_ka20,KA11_KA20,32,407.8814,403.6214,412.1414,5251,5255,23,22,22,5251 - 5255 - - - - - - - - - - 9.30 4.30 - - - - - - - -
358,normal_ka11_ka20,KA11_KA20,33,416.4014,412.1414,420.6614,5256,5260,23,22,22,5256 - 5260 - - - - - - - - - - 9.45 4.45 - - - - - - - -
358,normal_ka11_ka20,KA11_KA20,34,424.9214,420.6614,429.1814,5261,5265,23,22,22,5261 - 5265 - - - - - - - - - - 9.60 4.60 - - - - - - - -
358,normal_ka11_ka20,KA11_KA20,35,433.4414,429.1814,437.7014,5266,5270,23,22,22,5266 - 5270 - - - - - - - - - - 9.75 4.75 - - - - - - - -
358,normal_ka11_ka20,KA11_KA20,36,441.9614,437.7014,446.2214,5271,5275,23,22,22,5271 - 5275 - - - - - - - - - - 9.90 4.90 - - - - - - - -
358,normal_ka11_ka20,KA11_KA20,37,450.4814,446.2214,454.7414,5276,5280,23,22,22,5276 - 5280 - - - - - - - - - - 10.05 5.05 - - - - - - - -
358,normal_ka11_ka20,KA11_KA20,38,459.0014,454.7414,463.2614,5281,5285,23,22,22,5281 - 5285 - - - - - - - - - - 10.20 5.20 - - - - - - - -
358,normal_ka11_ka20,KA11_KA20,39,467.5214,463.2614,471.7814,5286,5290,23,22,22,5286 - 5290 - - - - - - - - - - 10.35 5.35 - - - - - - - -
358,normal_ka11_ka20,KA11_KA20,40,476.0414,471.7814,480.3014,5291,5295,23,22,22,5291 - 5295 - - - - - - - - - - 10.50 5.50 - - - - - - - -
358,normal_ka11_ka20,KA11_KA20,41,484.5614,480.3014,488.8214,5296,5300,23,22,22,5296 - 5300 - - - - - - - - - - 10.65 5.65 - - - - - - - -
358,normal_ka11_ka20,KA11_KA20,42,493.0814,488.8214,497.3514,5301,5305,23,22,22,5301 - 5305 - - - - - - - - - - 10.80 5.80 - - - - - - - -
358,normal_ka11_ka20,KA11_KA20,43,501.6214,497.3514,505.8814,5306,5310,23,22,22,5306 - 5310 - - - - - - - - - - 10.95 5.95 - - - - - - - -
358,normal_ka11_ka20,KA11_KA20,44,510.1414,505.8814,514.4014,5311,5315,23,22,22,5311 - 5315 - - - - - - - - - - 11.10 6.10 1.10 - - - - - - -
400,normal_ka11_ka20,KA11_KA20,1,143.6814,139.4214,147.9414,14336,14340,23,22,22,14336 - 14340 1649.95 1609.95 1569.95 1529.95 1489.95 1449.95 1409.95 1369.95 1329.95 1289.95 1729.95 1689.95 1649.95 1609.95 1569.95 1529.95 1489.95 1449.95 1409.95 1369.95
400,normal_ka11_ka20,KA11_KA20,2,152.2014,147.9414,156.4764,14341,14345,23,22,22,14341 - 14345 1651.15 1611.15 1571.15 1531.15 1491.15 1451.15 1411.15 1371.15 1331.15 1291.15 1731.15 1691.15 1651.15 1611.15 1571.15 1531.15 1491.15 1451.15 1411.15 1371.15
400,normal_ka11_ka20,KA11_KA20,3,160.7514,156.4764,165.0114,14346,14350,23,22,22,14346 - 14350 1652.35 1612.35 1572.35 1532.35 1492.35 1452.35 1412.35 1372.35 1332.35 1292.35 1732.35 1692.35 1652.35 1612.35 1572.35 1532.35 1492.35 1452.35 1412.35 1372.35
400,normal_ka11_ka20,KA11_KA20,4,169.2714,165.0114,173.5314,14351,14355,23,22,22,14351 - 14355 1653.55 1613.55 1573.55 1533.55 1493.55 1453.55 1413.55 1373.55 1333.55 1293.55 1733.55 1693.55 1653.55 1613.55 1573.55 1533.55 1493.55 1453.55 1413.55 1373.55
400,normal_ka11_ka20,KA11_KA20,5,177.7914,173.5314,182.0514,14356,14360,23,22,22,14356 - 14360 1654.75 1614.75 1574.75 1534.75 1494.75 1454.75 1414.75 1374.75 1334.75 1294.75 1734.75 1694.75 1654.75 1614.75 1574.75 1534.75 1494.75 1454.75 1414.75 1374.75
400,normal_ka11_ka20,KA11_KA20,6,186.3114,182.0514,190.5714,14361,14365,23,22,22,14361 - 14365 1655.95 1615.95 1575.95 1535.95 1495.95 1455.95 1415.95 1375.95 1335.95 1295.95 1735.95 1695.95 1655.95 1615.95 1575.95 1535.95 1495.95 1455.95 1415.95 1375.95
400,normal_ka11_ka20,KA11_KA20,7,194.8314,190.5714,199.0914,14366,14370,23,22,22,14366 - 14370 1657.15 1617.15 1577.15 1537.15 1497.15 1457.15 1417.15 1377.15 1337.15 1297.15 1737.15 1697.15 1657.15 1617.15 1577.15 1537.15 1497.15 1457.15 1417.15 1377.15
400,normal_ka11_ka20,KA11_KA20,8,203.3514,199.0914,207.6114,14371,14375,23,22,22,14371 - 14375 1658.35 1618.35 1578.35 1538.35 1498.35 1458.35 1418.35 1378.35 1338.35 1298.35 1738.35 1698.35 1658.35 1618.35 1578.35 1538.35 1498.35 1458.35 1418.35 1378.35
400,normal_ka11_ka20,KA11_KA20,9,211.8714,207.6114,216.1314,14376,14380,23,22,22,14376 - 14380 1659.55 1619.55 1579.55 1539.55 1499.55 1459.55 1419.55 1379.55 1339.55 1299.55 1739.55 1699.55 1659.55 1619.55 1579.55 1539.55 1499.55 1459.55 1419.55 1379.55
400,normal_ka11_ka20,KA11_KA20,10,220.3914,216.1314,224.6514,14381,14385,23,22,22,14381 - 14385 1660.75 1620.75 1580.75 1540.75 1500.75 1460.75 1420.75 1380.75 1340.75 1300.75 1740.75 1700.75 1660.75 1620.75 1580.75 1540.75 1500.75 1460.75 1420.75 1380.75
400,normal_ka11_ka20,KA11_KA20,11,228.9114,224.6514,233.1714,14386,14390,23,22,22,14386 - 14390 1661.95 1621.95 1581.95 1541.95 1501.95 1461.95 1421.95 1381.95 1341.95 1301.95 1741.95 1701.95 1661.95 1621.95 1581.95 1541.95 1501.95 1461.95 1421.95 1381.95
400,normal_ka11_ka20,KA11_KA20,12,237.4314,233.1714,241.6914,14391,14395,23,22,22,14391 - 14395 1663.15 1623.15 1583.15 1543.15 1503.15 1463.15 1423.15 1383.15 1343.15 1303.15 1743.15 1703.15 1663.15 1623.15 1583.15 1543.15 1503.15 1463.15 1423.15 1383.15
400,normal_ka11_ka20,KA11_KA20,13,245.9514,241.6914,250.2114,14396,14400,23,22,22,14396 - 14400 1664.35 1624.35 1584.35 1544.35 1504.35 1464.35 1424.35 1384.35 1344.35 1304.35 1744.35 1704.35 1664.35 1624.35 1584.35 1544.35 1504.35 1464.35 1424.35 1384.35
400,normal_ka11_ka20,KA11_KA20,14,254.4714,250.2114,258.7314,14401,14405,23,22,22,14401 - 14405 1665.55 1625.55 1585.55 1545.55 1505.55 1465.55 1425.55 1385.55 1345.55 1305.55 1745.55 1705.55 1665.55 1625.55 1585.55 1545.55 1505.55 1465.55 1425.55 1385.55
400,normal_ka11_ka20,KA11_KA20,15,262.9914,258.7314,267.2614,14406,14410,23,22,22,14406 - 14410 1666.75 1626.75 1586.75 1546.75 1506.75 1466.75 1426.75 1386.75 1346.75 1306.75 1746.75 1706.75 1666.75 1626.75 1586.75 1546.75 1506.75 1466.75 1426.75 1386.75
400,normal_ka11_ka20,KA11_KA20,16,271.5314,267.2614,275.7914,14411,14415,23,22,22,14411 - 14415 1667.95 1627.95 1587.95 1547.95 1507.95 1467.95 1427.95 1387.95 1347.95 1307.95 1747.95 1707.95 1667.95 1627.95 1587.95 1547.95 1507.95 1467.95 1427.95 1387.95
400,normal_ka11_ka20,KA11_KA20,17,280.0514,275.7914,284.3114,14416,14420,23,22,22,14416 - 14420 1669.15 1629.15 1589.15 1549.15 1509.15 1469.15 1429.15 1389.15 1349.15 1309.15 1749.15 1709.15 1669.15 1629.15 1589.15 1549.15 1509.15 1469.15 1429.15 1389.15
400,normal_ka11_ka20,KA11_KA20,18,288.5714,284.3114,292.8314,14421,14425,23,22,22,14421 - 14425 1670.35 1630.35 1590.35 1550.35 1510.35 1470.35 1430.35 1390.35 1350.35 1310.35 1750.35 1710.35 1670.35 1630.35 1590.35 1550.35 1510.35 1470.35 1430.35 1390.35
400,normal_ka11_ka20,KA11_KA20,19,297.0914,292.8314,301.3514,14426,14430,23,22,22,14426 - 14430 1671.55 1631.55 1591.55 1551.55 1511.55 1471.55 1431.55 1391.55 1351.55 1311.55 1751.55 1711.55 1671.55 1631.55 1591.55 1551.55 1511.55 1471.55 1431.55 1391.55
400,normal_ka11_ka20,KA11_KA20,20,305.6114,301.3514,309.8714,14431,14435,23,22,22,14431 - 14435 1672.75 1632.75 1592.75 1552.75 1512.75 1472.75 1432.75 1392.75 1352.75 1312.75 1752.75 1712.75 1672.75 1632.75 1592.75 1552.75 1512.75 1472.75 1432.75 1392.75
400,normal_ka11_ka20,KA11_KA20,21,314.1314,309.8714,318.3914,14436,14440,23,22,22,14436 - 14440 1673.95 1633.95 1593.95 1553.95 1513.95 1473.95 1433.95 1393.95 1353.95 1313.95 1753.95 1713.95 1673.95 1633.95 1593.95 1553.95 1513.95 1473.95 1433.95 1393.95
400,normal_ka11_ka20,KA11_KA20,22,322.6514,318.3914,326.9114,14441,14445,23,22,22,14441 - 14445 1675.15 1635.15 1595.15 1555.15 1515.15 1475.15 1435.15 1395.15 1355.15 1315.15 1755.15 1715.15 1675.15 1635.15 1595.15 1555.15 1515.15 1475.15 1435.15 1395.15
400,normal_ka11_ka20,KA11_KA20,23,331.1714,326.9114,335.4314,14446,14450,23,22,22,14446 - 14450 1676.35 1636.35 1596.35 1556.35 1516.35 1476.35 1436.35 1396.35 1356.35 1316.35 1756.35 1716.35 1676.35 1636.35 1596.35 1556.35 1516.35 1476.35 1436.35 1396.35
400,normal_ka11_ka20,KA11_KA20,24,339.6914,335.4314,343.9514,14451,14455,23,22,22,14451 - 14455 1677.55 1637.55 1597.55 1557.55 1517.55 1477.55 1437.55 1397.55 1357.55 1317.55 1757.55 1717.55 1677.55 1637.55 1597.55 1557.55 1517.55 1477.55 1437.55 1397.55
400,normal_ka11_ka20,KA11_KA20,25,348.2114,343.9514,352.4714,14456,14460,23,22,22,14456 - 14460 1678.75 1638.75 1598.75 1558.75 1518.75 1478.75 1438.75 1398.75 1358.75 1318.75 1758.75 1718.75 1678.75 1638.75 1598.75 1558.75 1518.75 1478.75 1438.75 1398.75
400,normal_ka11_ka20,KA11_KA20,26,356.7314,352.4714,360.9914,14461,14465,23,22,22,14461 - 14465 1679.95 1639.95 1599.95 1559.95 1519.95 1479.95 1439.95 1399.95 1359.95 1319.95 1759.95 1719.95 1679.95 1639.95 1599.95 1559.95 1519.95 1479.95 1439.95 1399.95
400,normal_ka11_ka20,KA11_KA20,27,365.2514,360.9914,369.5114,14466,14470,23,22,22,14466 - 14470 1681.15 1641.15 1601.15 1561.15 1521.15 1481.15 1441.15 1401.15 1361.15 1321.15 1761.15 1721.15 1681.15 1641.15 1601.15 1561.15 1521.15 1481.15 1441.15 1401.15
400,normal_ka11_ka20,KA11_KA20,28,373.7714,369.5114,378.0314,14471,14475,23,22,22,14471 - 14475 1682.35 1642.35 1602.35 1562.35 1522.35 1482.35 1442.35 1402.35 1362.35 1322.35 1762.35 1722.35 1682.35 1642.35 1602.35 1562.35 1522.35 1482.35 1442.35 1402.35
400,normal_ka11_ka20,KA11_KA20,29,382.2914,378.0314,386.5664,14476,14480,23,22,22,14476 - 14480 1683.55 1643.55 1603.55 1563.55 1523.55 1483.55 1443.55 1403.55 1363.55 1323.55 1763.55 1723.55 1683.55 1643.55 1603.55 1563.55 1523.55 1483.55 1443.55 1403.55
400,normal_ka11_ka20,KA11_KA20,30,390.8414,386.5664,395.1014,14481,14485,23,22,22,14481 - 14485 1684.75 1644.75 1604.75 1564.75 1524.75 1484.75 1444.75 1404.75 1364.75 1324.75 1764.75 1724.75 1684.75 1644.75 1604.75 1564.75 1524.75 1484.75 1444.75 1404.75
400,normal_ka11_ka20,KA11_KA20,31,399.3614,395.1014,403.6214,14486,14490,23,22,22,14486 - 14490 1685.95 1645.95 1605.95 1565.95 1525.95 1485.95 1445.95 1405.95 1365.95 1325.95 1765.95 1725.95 1685.95 1645.95 1605.95 1565.95 1525.95 1485.95 1445.95 1405.95
400,normal_ka11_ka20,KA11_KA20,32,407.8814,403.6214,412.1414,14491,14495,23,22,22,14491 - 14495 1687.15 1647.15 1607.15 1567.15 1527.15 1487.15 1447.15 1407.15 1367.15 1327.15 1767.15 1727.15 1687.15 1647.15 1607.15 1567.15 1527.15 1487.15 1447.15 1407.15
400,normal_ka11_ka20,KA11_KA20,33,416.4014,412.1414,420.6614,14496,14500,23,22,22,14496 - 14500 1688.35 1648.35 1608.35 1568.35 1528.35 1488.35 1448.35 1408.35 1368.35 1328.35 1768.35 1728.35 1688.35 1648.35 1608.35 1568.35 1528.35 1488.35 1448.35 1408.35
400,normal_ka11_ka20,KA11_KA20,34,424.9214,420.6614,429.1814,14501,14505,23,22,22,14501 - 14505 1689.55 1649.55 1609.55 1569.55 1529.55 1489.55 1449.55 1409.55 1369.55 1329.55 1769.55 1729.55 1689.55 1649.55 1609.55 1569.55 1529.55 1489.55 1449.55 1409.55
400,normal_ka11_ka20,KA11_KA20,35,433.4414,429.1814,437.7014,14506,14510,23,22,22,14506 - 14510 1690.75 1650.75 1610.75 1570.75 1530.75 1490.75 1450.75 1410.75 1370.75 1330.75 1770.75 1730.75 1690.75 1650.75 1610.75 1570.75 1530.75 1490.75 1450.75 1410.75
400,normal_ka11_ka20,KA11_KA20,36,441.9614,437.7014,446.2214,14511,14515,23,22,22,14511 - 14515 1691.95 1651.95 1611.95 1571.95 1531.95 1491.95 1451.95 1411.95 1371.95 1331.95 1771.95 1731.95 1691.95 1651.95 1611.95 1571.95 1531.95 1491.95 1451.95 1411.95
400,normal_ka11_ka20,KA11_KA20,37,450.4814,446.2214,454.7414,14516,14520,23,22,22,14516 - 14520 1693.15 1653.15 1613.15 1573.15 1533.15 1493.15 1453.15 1413.15 1373.15 1333.15 1773.15 1733.15 1693.15 1653.15 1613.15 1573.15 1533.15 1493.15 1453.15 1413.15
400,normal_ka11_ka20,KA11_KA20,38,459.0014,454.7414,463.2614,14521,14525,23,22,22,14521 - 14525 1694.35 1654.35 1614.35 1574.35 1534.35 1494.35 1454.35 1414.35 1374.35 1334.35 1774.35 1734.35 1694.35 1654.35 1614.35 1574.35 1534.35 1494.35 1454.35 1414.35
400,normal_ka11_ka20,KA11_KA20,39,467.5214,463.2614,471.7814,14526,14530,23,22,22,14526 - 14530 1695.55 1655.55 1615.55 1575.55 1535.55 1495.55 1455.55 1415.55 1375.55 1335.55 1775.55 1735.55 1695.55 1655.55 1615.55 1575.55 1535.55 1495.55 1455.55 1415.55
400,normal_ka11_ka20,KA11_KA20,40,476.0414,471.7814,480.3014,14531,14535,23,22,22,14531 - 14535 1696.75 1656.75 1616.75 1576.75 1536.75 1496.75 1456.75 1416.75 1376.75 1336.75 1776.75 1736.75 1696.75 1656.75 1616.75 1576.75 1536.75 1496.75 1456.75 1416.75
400,normal_ka11_ka20,KA11_KA20,41,484.5614,480.3014,488.8214,14536,14540,23,22,22,14536 - 14540 1697.95 1657.95 1617.95 1577.95 1537.95 1497.95 1457.95 1417.95 1377.95 1337.95 1777.95 1737.95 1697.95 1657.95 1617.95 1577.95 1537.95 1497.95 1457.95 1417.95
400,normal_ka11_ka20,KA11_KA20,42,493.0814,488.8214,497.3514,14541,14545,23,22,22,14541 - 14545 1699.15 1659.15 1619.15 1579.15 1539.15 1499.15 1459.15 1419.15 1379.15 1339.15 1779.15 1739.15 1699.15 1659.15 1619.15 1579.15 1539.15 1499.15 1459.15 1419.15
400,normal_ka11_ka20,KA11_KA20,43,501.6214,497.3514,505.8814,14546,14550,23,22,22,14546 - 14550 1700.35 1660.35 1620.35 1580.35 1540.35 1500.35 1460.35 1420.35 1380.35 1340.35 1780.35 1740.35 1700.35 1660.35 1620.35 1580.35 1540.35 1500.35 1460.35 1420.35
400,normal_ka11_ka20,KA11_KA20,44,510.1414,505.8814,514.4014,14551,14555,23,22,22,14551 - 14555 1701.55 1661.55 1621.55 1581.55 1541.55 1501.55 1461.55 1421.55 1381.55 1341.55 1781.55 1741.55 1701.55 1661.55 1621.55 1581.55 1541.55 1501.55 1461.55 1421.55
733,short_final_ka11_ka20,KA11_KA20,1,143.6814,139.4214,147.9414,87596,87600,23,22,22,87596 - 87600 20182.15 20135.50 20088.85 20042.15 19995.50 19948.85 19902.15 19855.50 19808.85 19765.15 20275.50 20228.85 20182.15 20135.50 20088.85 20042.15 19995.50 19948.85 19902.15 19855.50
733,short_final_ka11_ka20,KA11_KA20,2,152.2014,147.9414,156.4764,87601,87605,23,22,22,87601 - 87605 20183.55 20136.90 20090.25 20043.55 19996.90 19950.25 19903.55 19856.90 19810.25 19766.45 20276.90 20230.25 20183.55 20136.90 20090.25 20043.55 19996.90 19950.25 19903.55 19856.90
733,short_final_ka11_ka20,KA11_KA20,3,160.7514,156.4764,165.0114,87606,87610,23,22,22,87606 - 87610 20184.95 20138.30 20091.65 20044.95 19998.30 19951.65 19904.95 19858.30 19811.65 19767.75 20278.30 20231.65 20184.95 20138.30 20091.65 20044.95 19998.30 19951.65 19904.95 19858.30
733,short_final_ka11_ka20,KA11_KA20,4,169.2714,165.0114,173.5314,87611,87615,23,22,22,87611 - 87615 20186.35 20139.70 20093.05 20046.35 19999.70 19953.05 19906.35 19859.70 19813.05 19769.05 20279.70 20233.05 20186.35 20139.70 20093.05 20046.35 19999.70 19953.05 19906.35 19859.70
733,short_final_ka11_ka20,KA11_KA20,5,177.7914,173.5314,182.0514,87616,87620,23,22,22,87616 - 87620 20187.75 20141.10 20094.45 20047.75 20001.10 19954.45 19907.75 19861.10 19814.45 19770.35 20281.10 20234.45 20187.75 20141.10 20094.45 20047.75 20001.10 19954.45 19907.75 19861.10
733,short_final_ka11_ka20,KA11_KA20,6,186.3114,182.0514,190.5714,87621,87625,23,22,22,87621 - 87625 20189.15 20142.50 20095.85 20049.15 20002.50 19955.85 19909.15 19862.50 19815.85 19771.65 20282.50 20235.85 20189.15 20142.50 20095.85 20049.15 20002.50 19955.85 19909.15 19862.50
733,short_final_ka11_ka20,KA11_KA20,7,194.8314,190.5714,199.0914,87626,87630,23,22,22,87626 - 87630 20190.55 20143.90 20097.25 20050.55 20003.90 19957.25 19910.55 19863.90 19817.25 19772.95 20283.90 20237.25 20190.55 20143.90 20097.25 20050.55 20003.90 19957.25 19910.55 19863.90
733,short_final_ka11_ka20,KA11_KA20,8,203.3514,199.0914,207.6114,87631,87635,23,22,22,87631 - 87635 20191.95 20145.30 20098.65 20051.95 20005.30 19958.65 19911.95 19865.30 19818.65 19774.25 20285.30 20238.65 20191.95 20145.30 20098.65 20051.95 20005.30 19958.65 19911.95 19865.30
733,short_final_ka11_ka20,KA11_KA20,9,211.8714,207.6114,216.1314,87636,87640,23,22,22,87636 - 87640 20193.35 20146.70 20100.05 20053.35 20006.70 19960.05 19913.35 19866.70 19820.05 19775.55 20286.70 20240.05 20193.35 20146.70 20100.05 20053.35 20006.70 19960.05 19913.35 19866.70
733,short_final_ka11_ka20,KA11_KA20,10,220.3914,216.1314,224.6514,87641,87645,23,22,22,87641 - 87645 20194.75 20148.10 20101.45 20054.75 20008.10 19961.45 19914.75 19868.10 19821.45 19776.85 20288.10 20241.45 20194.75 20148.10 20101.45 20054.75 20008.10 19961.45 19914.75 19868.10
733,short_final_ka11_ka20,KA11_KA20,11,228.9114,224.6514,233.1714,87646,87650,23,22,22,87646 - 87650 20196.15 20149.50 20102.85 20056.15 20009.50 19962.85 19916.15 19869.50 19822.85 19778.15 20289.50 20242.85 20196.15 20149.50 20102.85 20056.15 20009.50 19962.85 19916.15 19869.50
733,short_final_ka11_ka20,KA11_KA20,12,237.4314,233.1714,241.6914,87651,87655,23,22,22,87651 - 87655 20197.55 20150.90 20104.25 20057.55 20010.90 19964.25 19917.55 19870.90 19824.25 19779.45 20290.90 20244.25 20197.55 20150.90 20104.25 20057.55 20010.90 19964.25 19917.55 19870.90
733,short_final_ka11_ka20,KA11_KA20,13,245.9514,241.6914,250.2114,87656,87660,23,22,22,87656 - 87660 20198.95 20152.30 20105.65 20058.95 20012.30 19965.65 19918.95 19872.30 19825.65 19780.75 20292.30 20245.65 20198.95 20152.30 20105.65 20058.95 20012.30 19965.65 19918.95 19872.30
733,short_final_ka11_ka20,KA11_KA20,14,254.4714,250.2114,258.7314,87661,87665,23,22,22,87661 - 87665 20200.35 20153.70 20107.05 20060.35 20013.70 19967.05 19920.35 19873.70 19827.05 19782.05 20293.70 20247.05 20200.35 20153.70 20107.05 20060.35 20013.70 19967.05 19920.35 19873.70
733,short_final_ka11_ka20,KA11_KA20,15,262.9914,258.7314,267.2614,87666,87670,23,22,22,87666 - 87670 20201.75 20155.10 20108.45 20061.75 20015.10 19968.45 19921.75 19875.10 19828.45 19783.35 20295.10 20248.45 20201.75 20155.10 20108.45 20061.75 20015.10 19968.45 19921.75 19875.10
733,short_final_ka11_ka20,KA11_KA20,16,271.5314,267.2614,275.7914,87671,87675,23,22,22,87671 - 87675 20203.15 20156.50 20109.85 20063.15 20016.50 19969.85 19923.15 19876.50 19829.85 19784.65 20296.50 20249.85 20203.15 20156.50 20109.85 20063.15 20016.50 19969.85 19923.15 19876.50
733,short_final_ka11_ka20,KA11_KA20,17,280.0514,275.7914,284.3114,87676,87680,23,22,22,87676 - 87680 20204.55 20157.90 20111.25 20064.55 20017.90 19971.25 19924.55 19877.90 19831.25 19785.95 20297.90 20251.25 20204.55 20157.90 20111.25 20064.55 20017.90 19971.25 19924.55 19877.90
733,short_final_ka11_ka20,KA11_KA20,18,288.5714,284.3114,292.8314,87681,87685,23,22,22,87681 - 87685 20205.95 20159.30 20112.65 20065.95 20019.30 19972.65 19925.95 19879.30 19832.65 19787.25 20299.30 20252.65 20205.95 20159.30 20112.65 20065.95 20019.30 19972.65 19925.95 19879.30
733,short_final_ka11_ka20,KA11_KA20,19,297.0914,292.8314,301.3514,87686,87690,23,22,22,87686 - 87690 20207.35 20160.70 20114.05 20067.35 20020.70 19974.05 19927.35 19880.70 19834.05 19788.55 20300.70 20254.05 20207.35 20160.70 20114.05 20067.35 20020.70 19974.05 19927.35 19880.70
733,short_final_ka11_ka20,KA11_KA20,20,305.6114,301.3514,309.8714,87691,87695,23,22,22,87691 - 87695 20208.75 20162.10 20115.45 20068.75 20022.10 19975.45 19928.75 19882.10 19835.45 19789.85 20302.10 20255.45 20208.75 20162.10 20115.45 20068.75 20022.10 19975.45 19928.75 19882.10
733,short_final_ka11_ka20,KA11_KA20,21,314.1314,309.8714,318.3914,87696,87700,23,22,22,87696 - 87700 20210.15 20163.50 20116.85 20070.15 20023.50 19976.85 19930.15 19883.50 19836.85 19791.15 20303.50 20256.85 20210.15 20163.50 20116.85 20070.15 20023.50 19976.85 19930.15 19883.50
733,short_final_ka11_ka20,KA11_KA20,22,322.6514,318.3914,326.9114,87701,87705,23,22,22,87701 - 87705 20211.55 20164.90 20118.25 20071.55 20024.90 19978.25 19931.55 19884.90 19838.25 19792.45 20304.90 20258.25 20211.55 20164.90 20118.25 20071.55 20024.90 19978.25 19931.55 19884.90
733,short_final_ka11_ka20,KA11_KA20,23,331.1714,326.9114,335.4314,87706,87710,23,22,22,87706 - 87710 20212.95 20166.30 20119.65 20072.95 20026.30 19979.65 19932.95 19886.30 19839.65 19793.75 20306.30 20259.65 20212.95 20166.30 20119.65 20072.95 20026.30 19979.65 19932.95 19886.30
733,short_final_ka11_ka20,KA11_KA20,24,339.6914,335.4314,343.9514,87711,87715,23,22,22,87711 - 87715 20214.35 20167.70 20121.05 20074.35 20027.70 19981.05 19934.35 19887.70 19841.05 19795.05 20307.70 20261.05 20214.35 20167.70 20121.05 20074.35 20027.70 19981.05 19934.35 19887.70
733,short_final_ka11_ka20,KA11_KA20,25,348.2114,343.9514,352.4714,87716,87720,23,22,22,87716 - 87720 20215.75 20169.10 20122.45 20075.75 20029.10 19982.45 19935.75 19889.10 19842.45 19796.35 20309.10 20262.45 20215.75 20169.10 20122.45 20075.75 20029.10 19982.45 19935.75 19889.10
733,short_final_ka11_ka20,KA11_KA20,26,356.7314,352.4714,360.9914,87721,87725,23,22,22,87721 - 87725 20217.15 20170.50 20123.85 20077.15 20030.50 19983.85 19937.15 19890.50 19843.85 19797.65 20310.50 20263.85 20217.15 20170.50 20123.85 20077.15 20030.50 19983.85 19937.15 19890.50
733,short_final_ka11_ka20,KA11_KA20,27,365.2514,360.9914,369.5114,87726,87730,23,22,22,87726 - 87730 20218.55 20171.90 20125.25 20078.55 20031.90 19985.25 19938.55 19891.90 19845.25 19798.95 20311.90 20265.25 20218.55 20171.90 20125.25 20078.55 20031.90 19985.25 19938.55 19891.90
733,short_final_ka11_ka20,KA11_KA20,28,373.7714,369.5114,378.0314,87731,87735,23,22,22,87731 - 87735 20219.95 20173.30 20126.65 20079.95 20033.30 19986.65 19939.95 19893.30 19846.65 19800.25 20313.30 20266.65 20219.95 20173.30 20126.65 20079.95 20033.30 19986.65 19939.95 19893.30
733,short_final_ka11_ka20,KA11_KA20,29,382.2914,378.0314,386.5664,87736,87740,23,22,22,87736 - 87740 20221.35 20174.70 20128.05 20081.35 20034.70 19988.05 19941.35 19894.70 19848.05 19801.55 20314.70 20268.05 20221.35 20174.70 20128.05 20081.35 20034.70 19988.05 19941.35 19894.70
733,short_final_ka11_ka20,KA11_KA20,30,390.8414,386.5664,395.1014,87741,87745,23,22,22,87741 - 87745 20222.75 20176.10 20129.45 20082.75 20036.10 19989.45 19942.75 19896.10 19849.45 19802.85 20316.10 20269.45 20222.75 20176.10 20129.45 20082.75 20036.10 19989.45 19942.75 19896.10
733,short_final_ka11_ka20,KA11_KA20,31,399.3614,395.1014,403.6214,87746,87750,23,22,22,87746 - 87750 20224.15 20177.50 20130.85 20084.15 20037.50 19990.85 19944.15 19897.50 19850.85 19804.15 20317.50 20270.85 20224.15 20177.50 20130.85 20084.15 20037.50 19990.85 19944.15 19897.50
733,short_final_ka11_ka20,KA11_KA20,32,407.8814,403.6214,412.1414,87751,87755,23,22,22,87751 - 87755 20225.55 20178.90 20132.25 20085.55 20038.90 19992.25 19945.55 19898.90 19852.25 19805.55 20318.90 20272.25 20225.55 20178.90 20132.25 20085.55 20038.90 19992.25 19945.55 19898.90
